Path,User,Timestamp
/index5.html,04a5d9a7-0a76-47a8-abd3-9e39a1abce50,2017-09-28T19:38:59+00:00
/index5.html,04a5d9a7-0a76-47a8-abd3-9e39a1abce50,2017-09-28T19:38:59+00:00
/index5.html,04a5d9a7-0a76-47a8-abd3-9e39a1abce50,2017-09-28T19:38:59+00:00
/index5.html,04a5d9a7-0a76-47a8-abd3-9e39a1abce50,2017-09-28T19:38:59+00:00
/index5.html,04a5d9a7-0a76-47a8-abd3-9e39a1abce50,2017-09-28T19:38:59+00:00
/index5.html,14a5d9a7-0a76-47a8-abd3-9e39a1abce50,2017-09-28T19:38:59+00:00
/index5.html,24a5d9a7-0a76-47a8-abd3-9e39a1abce50,2017-09-28T19:38:59+00:00
/index5.html,34a5d9a7-0a76-47a8-abd3-9e39a1abce50,2017-09-28T19:38:59+00:00
/index5.html,44a5d9a7-0a76-47a8-abd3-9e39a1abce50,2017-09-28T19:38:59+00:00
/index5.html,54a5d9a7-0a76-47a8-abd3-9e39a1abce50,2017-09-28T19:38:59+00:00
